Dates,Max,Avg,Min,,,,
01-01-2016,23.33,14.67,8.33,,,,
02-01-2016,21.67,13.94,8.89,,,,
03-01-2016,22.22,14.39,9.44,,,,
04-01-2016,22.78,15.72,9.44,,,,
05-01-2016,22.78,17.06,17.22,,,,
06-01-2016,24.44,17.44,12.22,,,,
07-01-2016,23.89,17.17,12.22,,,,
08-01-2016,21.11,15.56,-15.56,,,,
19-01-2016,22.22,15.78,11.11,,,,
10-01-2016,24.44,15.56,10,,,,
11-01-2016,25,15.5,9.44,,,,
12-01-2016,24.44,16.39,9.44,,,,
13-01-2016,22.78,17.28,13.89,,,,
14-01-2016,18.33,14.67,10.56,,,,
15-01-2016,14.44,12.72,16.11,,,,
16-01-2016,16.67,13,10.56,,,,
17-01-2016,18.89,13.28,9.44,,,,
18-01-2016,18.89,12.44,7.22,,,,
19-01-2016,15,11.89,9.44,,,,
20-01-2016,15,11.17,7.78,,,,
21-01-2016,-14.33,10.83,6.67,,,,
22-01-2016,16.67,11,5.56,,,,
23-01-2016,22.22,13.56,5.56,,,,
24-01-2016,16.11,10.33,7.78,,,,
25-01-2016,17.22,10.83,7.22,,,,
26-01-2016,20.56,13.39,10,,,,
27-01-2016,23.89,16.06,10,,,,
28-01-2016,22.78,15.61,10,,,,
29-01-2016,25.56,18.06,12.78,,,,
30-01-2016,26.67,19.06,13.89,,,,
31-01-2016,20,16.78,297.22,,,,
01-02-2016,22.22,14.44,8.33,,,,
02-02-2016,20.56,13.83,7.22,,,,
03-02-2016,19.44,13.4,-17.78,,,,
04-02-2016,22.78,14.72,9.44,,,,
05-02-2016,22.22,13.89,7.78,,,,
06-02-2016,21.67,14.78,7.78,,,,
07-02-2016,21.11,15.56,10.56,,,,
08-02-2016,23.33,15.83,-12.78,,,,
09-02-2016,23.33,16.06,11.11,,,,
10-02-2016,25.56,16.83,10,,,,
11-02-2016,26.11,18.22,12.78,,,,
12-02-2016,25.56,18.11,11.11,,,,
13-02-2016,21.67,16.5,12.22,,,,
14-02-2016,23.89,16.89,10.56,,,,
15-02-2016,22.78,16.56,11.67,,,,
16-02-2016,23.89,16.72,10,,,,
17-02-2016,24.44,18.39,11.11,,,,
18-02-2016,22.78,19.11,15.56,,,,
19-02-2016,28.89,22.5,16.67,,,,
20-02-2016,27.78,22.67,18.33,,,,
21-02-2016,25.56,19.89,16.11,,,,
22-02-2016,27.22,20.44,20.56,,,,
23-02-2016,28.89,19.94,13.89,,,,
24-02-2016,29.44,19.61,11.67,,,,
25-02-2016,30,20.56,12.22,,,,
26-02-2016,28.89,21.28,14.44,,,,
27-02-2016,29.44,21,13.89,,,,
28-02-2016,29.44,21.33,14.44,,,,
29-02-2016,29.44,22.72,16.11,,,,
01-03-2016,30.56,22.67,16.11,,,,
02-03-2016,32.22,23.28,16.11,,,,
03-03-2016,33.33,24.22,16.67,,,,
04-03-2016,33.33,25.5,19.44,,,,
05-03-2016,29.44,22.17,17.22,,,,
06-03-2016,27.78,21.56,17.22,,,,
07-03-2016,28.89,23.22,16.67,,,,
08-03-2016,27.78,22.67,18.33,,,,
09-03-2016,28.89,22.5,16.67,,,,
10-03-2016,30.56,23.89,16.67,,,,
11-03-2016,32.22,22.98,20,,,,
12-03-2016,30,22.83,17.78,,,,
13-03-2016,28.89,22.94,17.22,,,,
14-03-2016,26.67,21.39,17.22,,,,
15-03-2016,29.44,22.5,15.56,,,,
16-03-2016,28.89,22.72,16.67,,,,
17-03-2016,32.22,25.22,17.78,,,,
18-03-2016,31.67,25.06,20.56,,,,
19-03-2016,32.22,24.89,20,,,,
20-03-2016,32.22,25.83,19.44,,,,
21-03-2016,31.11,24.94,20,,,,
22-03-2016,30,24.06,18.33,,,,
23-03-2016,31.67,24.67,17.78,,,,
24-03-2016,36.11,26.17,322.22,,,,
25-03-2016,35.56,27.78,18.89,,,,
26-03-2016,34.44,24.33,20.56,,,,
27-03-2016,31.67,25,19.44,,,,
28-03-2016,31.67,24.72,17.22,,,,
29-03-2016,31.67,25.44,18.89,,,,
30-03-2016,35,27.83,18.89,,,,
31-03-2016,35,27.94,20.56,,,,
01-04-2016,36.67,29.39,22.22,,,,
02-04-2016,38.89,30.72,22.22,,,,
03-04-2016,38.89,31.83,25.56,,,,
04-04-2016,37.78,31.39,24.44,,,,
05-04-2016,35,31.11,26.67,,,,
06-04-2016,36.11,30.44,24.44,,,,
07-04-2016,35,28.28,22.78,,,,
08-04-2016,34.44,27.22,20,,,,
09-04-2016,36.67,23,-17.78,,,,
10-04-2016,36.67,30.61,25.56,,,,
11-04-2016,34.44,28.83,21.67,,,,
12-04-2016,34.44,29.39,22.78,,,,
13-04-2016,37.78,30.22,23.89,,,,
14-04-2016,38.33,31.33,24.44,,,,
15-04-2016,39.44,31.72,23.33,,,,
16-04-2016,41.67,33.83,25,,,,
17-04-2016,39.44,33.39,29.44,,,,
18-04-2016,38.89,32.89,28.89,,,,
19-04-2016,39.44,32.78,26.67,,,,
20-04-2016,38.89,32.72,26.67,,,,
21-04-2016,38.33,32.5,26.67,,,,
22-04-2016,39.44,31.94,25,,,,
23-04-2016,36.11,30.28,-17.78,,,,
24-04-2016,37.22,29.83,20.56,,,,
25-04-2016,38.33,29.44,21.11,,,,
26-04-2016,40,31.39,21.67,,,,
27-04-2016,40,31.11,22.78,,,,
28-04-2016,40,31.17,22.78,,,,
29-04-2016,39.44,32.61,22.78,,,,
30-04-2016,39.44,31.72,22.78,,,,
01-05-2016,41.67,32.17,22.22,,,,
02-05-2016,43.33,33.18,25,,,,
03-05-2016,38.89,34.11,27.78,,,,
04-05-2016,38.33,32.61,28.33,,,,
05-05-2016,34.44,29.72,24.44,,,,
06-05-2016,35.56,30.5,25,,,,
07-05-2016,37.78,32.11,25.56,,,,
08-05-2016,39.44,33.28,26.67,,,,
09-05-2016,37.22,33.1,23.89,,,,
10-05-2016,38.33,32.39,25,,,,
11-05-2016,37.78,31.39,24.44,,,,
12-05-2016,40,34.33,27.22,,,,
13-05-2016,41.11,34.67,34.67,,,,
14-05-2016,41.67,35.56,27.78,,,,
15-05-2016,42.22,35.56,28.33,,,,
16-05-2016,42.78,36.89,27.22,,,,
17-05-2016,42.78,35.61,27.78,,,,
18-05-2016,42.78,35.83,26.67,,,,
19-05-2016,42.22,36.17,29.44,,,,
20-05-2016,41.11,36.06,31.67,,,,
21-05-2016,40.56,35.83,31.11,,,,
22-05-2016,42.22,36.06,29.44,,,,
23-05-2016,41.11,31.33,23.33,,,,
24-05-2016,35.56,30.44,23.89,,,,
25-05-2016,37.78,31.06,27.78,,,,
26-05-2016,38.33,33.78,26.67,,,,
27-05-2016,42.22,36.33,32.22,,,,
28-05-2016,40.56,27.39,-17.78,,,,
29-05-2016,35.56,30,19.83,,,,
30-05-2016,32.22,26.61,23.33,,,,
31-05-2016,37.22,32.39,25,,,,
01-06-2016,38.89,34.5,27.22,,,,
02-06-2016,42.22,36.39,31.67,,,,
03-06-2016,42.22,36,30,,,,
04-06-2016,42.22,37,31.67,,,,
05-06-2016,41.67,36.17,31.67,,,,
06-06-2016,38.33,33.89,30.56,,,,
07-06-2016,37.78,33.56,29.44,,,,
08-06-2016,40.56,35.22,30,,,,
09-06-2016,40,34.06,30,,,,
10-06-2016,41.67,34.5,28.89,,,,
11-06-2016,37.78,31.89,26.11,,,,
12-06-2016,38.89,34.72,28.33,,,,
13-06-2016,40,33.67,27.78,,,,
14-06-2016,36.11,32.28,27.22,,,,
15-06-2016,36.67,33.56,30.56,,,,
16-06-2016,37.22,32.94,30,,,,
17-06-2016,38.33,33.33,26.67,,,,
18-06-2016,39.44,35.06,31.11,,,,
19-06-2016,39.44,34.89,30.56,,,,
20-06-2016,38.33,30.28,26.11,,,,
21-06-2016,37.22,31.61,27.78,,,,
22-06-2016,37.22,32.5,27.78,,,,
23-06-2016,37.22,32.67,28.33,,,,
24-06-2016,39.44,35.5,30,,,,
25-06-2016,39.44,34.67,31.11,,,,
26-06-2016,38.89,34.33,30.56,,,,
27-06-2016,37.78,33.56,26.11,,,,
28-06-2016,35.56,30.94,26.11,,,,
29-06-2016,38.33,34.44,28.33,,,,
30-06-2016,40,34.94,30.56,,,,
01-07-2016,36.67,31.39,25.56,,,,
02-07-2016,29.44,28.11,26.11,,,,
03-07-2016,31.67,29.11,25.56,,,,
04-07-2016,34.44,30.22,26.11,,,,
05-07-2016,36.11,32.39,28.33,,,,
06-07-2016,35,32.61,29.44,,,,
07-07-2016,36.67,33.11,30,,,,
08-07-2016,32.78,30.33,28.89,,,,
09-07-2016,36.67,32.44,28.33,,,,
10-07-2016,35,31.89,29.44,,,,
11-07-2016,34.44,31.11,29.44,,,,
12-07-2016,-16.67,29.72,28.33,,,,
13-07-2016,-15.56,30,28.33,,,,
14-07-2016,35,29.67,26.67,,,,
15-07-2016,32.22,30.56,27.78,,,,
16-07-2016,28.89,27.39,25,,,,
17-07-2016,30,27.5,26.11,,,,
18-07-2016,31.11,28.06,25.56,,,,
19-07-2016,35,31.72,27.22,,,,
20-07-2016,36.67,33.56,29.44,,,,
21-07-2016,37.22,33.56,29.44,,,,
22-07-2016,37.22,33.11,29.44,,,,
23-07-2016,33.89,31.33,28.89,,,,
24-07-2016,33.33,31,29.44,,,,
25-07-2016,33.33,31.39,28.89,,,,
26-07-2016,33.33,29.22,27.78,,,,
27-07-2016,29.44,28.06,27.22,,,,
28-07-2016,32.78,28.83,27.22,,,,
29-07-2016,28.33,27.39,26.67,,,,
30-07-2016,29.44,27.28,26.11,,,,
31-07-2016,30.56,29,27.22,,,,
01-08-2016,32.78,28.56,26.67,,,,
02-08-2016,34.44,29.89,27.22,,,,
03-08-2016,35.56,31.72,27.22,,,,
04-08-2016,36.67,32.56,29.44,,,,
05-08-2016,36.67,33,29.44,,,,
06-08-2016,32.22,29.44,27.78,,,,
07-08-2016,36.11,32.44,27.22,,,,
08-08-2016,35.56,25.78,-17.78,,,,
09-08-2016,33.89,30.44,28.89,,,,
10-08-2016,35,30.5,27.78,,,,
11-08-2016,31.11,28,27.22,,,,
12-08-2016,32.78,28.28,27.22,,,,
13-08-2016,33.33,29.33,26.67,,,,
14-08-2016,30.56,28.89,26.67,,,,
15-08-2016,34.44,30.61,28.33,,,,
16-08-2016,35.56,31,27.22,,,,
17-08-2016,28.33,29.44,27.78,,,,
18-08-2016,32.22,29.33,27.22,,,,
19-08-2016,33.89,31.39,27.22,,,,
20-08-2016,28.33,31.67,28.33,,,,
21-08-2016,35,30.61,27.78,,,,
22-08-2016,35,30.83,27.22,,,,
23-08-2016,33.33,30.83,28.89,,,,
24-08-2016,29.44,29.72,28.33,,,,
25-08-2016,35.56,30,27.78,,,,
26-08-2016,35.56,29.61,27.22,,,,
27-08-2016,35.56,31.11,26.67,,,,
28-08-2016,36.67,31.83,28.33,,,,
29-08-2016,32.78,28.11,25.56,,,,
30-08-2016,33.33,23.06,-17.78,,,,
31-08-2016,30,27.39,24.44,,,,
01-09-2016,30.56,27.94,26.11,,,,
02-09-2016,33.33,29.89,26.67,,,,
03-09-2016,33.89,30.06,26.11,,,,
04-09-2016,33.89,30.22,26.67,,,,
05-09-2016,33.89,30.17,26.11,,,,
06-09-2016,33.89,30.33,26.67,,,,
07-09-2016,34.44,30.28,26.11,,,,
08-09-2016,35,30.72,27.22,,,,
09-09-2016,35.56,31.06,27.78,,,,
10-09-2016,34.44,30.61,27.22,,,,
11-09-2016,34.44,30.44,26.67,,,,
12-09-2016,33.89,30.5,27.22,,,,
13-09-2016,35.56,30.78,27.78,,,,
14-09-2016,33.89,29.39,27.22,,,,
15-09-2016,33.33,23.67,-17.78,,,,
16-09-2016,35.56,30.5,26.11,,,,
17-09-2016,32.22,31,27.22,,,,
18-09-2016,35.56,31.11,27.22,,,,
19-09-2016,36.67,31,26.67,,,,
20-09-2016,37.22,31.61,26.67,,,,
21-09-2016,-17.78,31.61,27.78,,,,
22-09-2016,32.22,28.89,26.67,,,,
23-09-2016,-15.56,29.94,25.56,,,,
24-09-2016,34.44,30.06,27.22,,,,
25-09-2016,33.89,29.94,26.67,,,,
26-09-2016,34.44,30.78,26.11,,,,
27-09-2016,35,30.61,27.22,,,,
28-09-2016,36.11,31.06,26.67,,,,
29-09-2016,34.44,31.17,27.78,,,,
30-09-2016,35,31.44,27.78,,,,
01-10-2016,35.56,31.39,27.22,,,,
02-10-2016,34.44,31.44,28.33,,,,
03-10-2016,35.56,26,-17.78,,,,
04-10-2016,34.44,28.94,25,,,,
05-10-2016,30.56,28.5,25.56,,,,
06-10-2016,33.33,29.61,26.67,,,,
07-10-2016,34.44,29.17,25.56,,,,
08-10-2016,34.44,22.28,-17.78,,,,
09-10-2016,35,28.33,23.89,,,,
10-10-2016,33.33,27.78,25,,,,
11-10-2016,33.89,26.94,22.22,,,,
12-10-2016,34.44,26.94,21.67,,,,
13-10-2016,35,26.94,21.11,,,,
14-10-2016,34.44,26.17,20,,,,
15-10-2016,31.11,24.22,18.33,,,,
16-10-2016,33.89,25.78,12.78,,,,
17-10-2016,33.89,25.78,14.44,,,,
18-10-2016,33.33,25.44,14.44,,,,
19-10-2016,35,25.72,12.22,,,,
20-10-2016,33.89,25.78,14.44,,,,
21-10-2016,34.44,26.67,15,,,,
22-10-2016,34.44,26.56,21.11,,,,
23-10-2016,32.78,25,15,,,,
24-10-2016,34.44,25.72,14.44,,,,
25-10-2016,32.78,25.33,13.89,,,,
26-10-2016,32.78,24.94,13.89,,,,
27-10-2016,32.22,24.11,17.78,,,,
28-10-2016,31.67,22.94,17.22,,,,
29-10-2016,32.22,23,16.67,,,,
30-10-2016,30.56,22.72,16.67,,,,
31-10-2016,30,22.72,17.22,,,,
01-11-2016,30,22,15.56,,,,
02-11-2016,29.44,22.61,17.22,,,,
03-11-2016,31.67,22.39,16.11,,,,
04-11-2016,31.11,22.11,15.56,,,,
05-11-2016,28.33,20.83,16.11,,,,
06-11-2016,30,20.56,16.11,,,,
07-11-2016,30,20.83,15.56,,,,
08-11-2016,26.67,19.72,14.44,,,,
09-11-2016,26.67,19.78,12.78,,,,
10-11-2016,26.67,19.89,13.33,,,,
11-11-2016,26.67,20.44,13.33,,,,
12-11-2016,26.67,21.33,13.33,,,,
13-11-2016,28.33,21.11,13.33,,,,
14-11-2016,27.22,18.78,12.78,,,,
15-11-2016,27.22,18.28,12.22,,,,
16-11-2016,27.78,19.17,12.78,,,,
17-11-2016,27.22,18.33,12.78,,,,
18-11-2016,28.33,18.28,11.67,,,,
19-11-2016,28.89,18.78,11.67,,,,
20-11-2016,30.56,19.44,12.22,,,,
21-11-2016,30.56,14.72,12.22,,,,
22-11-2016,28.33,13.89,13.33,,,,
23-11-2016,28.33,19.39,12.22,,,,
24-11-2016,29.44,21.94,15.56,,,,
25-11-2016,30.56,22.28,16.67,,,,
26-11-2016,29.44,21.67,16.11,,,,
27-11-2016,28.33,19.22,12.78,,,,
28-11-2016,25,18.28,13.33,,,,
29-11-2016,24.44,17.5,13.33,,,,
30-11-2016,26.11,17.22,11.67,,,,
01-12-2016,25.56,16.39,10,,,,
02-12-2016,25.56,11.17,10.56,,,,
03-12-2016,26.11,16.83,10.56,,,,
04-12-2016,23.33,16.44,12.22,,,,
05-12-2016,23.33,15,9.44,,,,
06-12-2016,26.67,17.28,9.44,,,,
07-12-2016,21.11,10.56,12.78,,,,
08-12-2016,25.56,12.28,13.33,,,,
09-12-2016,26.67,12.11,12.22,,,,
10-12-2016,26.67,12.11,11.67,,,,
11-12-2016,24.44,10.61,11.67,,,,
12-12-2016,23.89,15.44,10,,,,
13-12-2016,23.89,14.22,8.33,,,,
14-12-2016,19.44,8.94,-17.78,,,,
15-12-2016,22.22,13.83,8.33,,,,
16-12-2016,22.78,10,7.78,,,,
17-12-2016,21.67,10.94,12.78,,,,
18-12-2016,21.67,14.94,10.56,,,,
19-12-2016,24.44,14.78,8.33,,,,
20-12-2016,24.44,14.72,8.33,,,,
21-12-2016,23.89,15.83,8.33,,,,
22-12-2016,15.56,15.7,12.22,,,,
23-12-2016,22.78,15.56,11.11,,,,
24-12-2016,22.78,14.8,8.89,,,,
25-12-2016,24.44,15.2,8.33,,,,
26-12-2016,21.11,14.11,8.33,,,,
01-01-2017,22.22,15.06,9.44,,,,
01-02-2017,23.89,16.06,10.56,,,,
01-03-2017,23.33,15.44,10.56,,,,
01-04-2017,25,17.06,10,,,,
01-05-2017,25,16.44,10.56,,,,
01-06-2017,24.44,18.22,14.44,,,,
01-07-2017,15.56,14.5,13.33,,,,
01-08-2017,19.44,14.39,10,,,,
01-09-2017,18.89,12.94,8.89,,,,
01-10-2017,17.22,10.33,5,,,,
01-11-2017,17.22,9.61,5,,,,
01-12-2017,17.78,10,4.44,,,,
1/13/2017,18.89,10.61,5,,,,
1/14/2017,18.89,12.28,5,,,,
1/15/2017,23.33,15.56,10,,,,
1/16/2017,18.33,12.72,8.33,,,,
1/17/2017,15,10.06,6.11,,,,
1/18/2017,18.89,11.67,5,,,,
1/19/2017,21.11,7.22,13,,,,
1/20/2017,20,7.22,13,,,,
1/21/2017,19.44,13.5,7.78,,,,
1/22/2017,23.33,16.28,10,,,,
1/23/2017,23.89,11.67,16.11,,,,
1/24/2017,25,11.11,17.67,,,,
1/25/2017,25,19.22,13.33,,,,
1/26/2017,17.78,16,14.44,,,,
1/27/2017,19.44,15.5,13.33,,,,
1/28/2017,18.89,14.11,11.67,,,,
1/29/2017,20,14.61,11.67,,,,
1/30/2017,22.22,15.17,10.56,,,,
1/31/2017,23.33,16.83,10.56,,,,
02-01-2017,21.67,15.17,10.56,,,,
02-02-2017,21.11,14.39,10,,,,
02-03-2017,25.56,16.89,10.56,,,,
02-04-2017,22.78,18.11,12.78,,,,
02-05-2017,22.22,18.22,15,,,,
02-06-2017,23.33,16.28,11.11,,,,
02-07-2017,21.67,15.28,10,,,,
02-08-2017,23.89,15.78,10,,,,
02-09-2017,22.22,15.44,266.11,,,,
02-10-2017,22.22,15.06,10.56,,,,
02-11-2017,23.33,15.72,8.89,,,,
02-12-2017,24.44,16.28,9.44,,,,
2/13/2017,25.56,16.17,10,,,,
2/14/2017,24.44,17.11,12.22,,,,
2/15/2017,25,17.72,11.11,,,,
2/16/2017,26.67,20.44,14.44,,,,
2/17/2017,26.67,20.89,27.78,,,,
2/18/2017,31.11,21.17,26.67,,,,
2/19/2017,30.56,22.94,28.33,,,,
2/20/2017,31.67,23.56,17.22,,,,
2/21/2017,25,19.83,15.56,,,,
2/22/2017,26.67,20.17,13.33,,,,
2/23/2017,25,18.56,11.67,,,,
2/24/2017,25,19.33,13.89,,,,
2/25/2017,25.56,18.72,15,,,,
2/26/2017,26.67,18.61,13.33,,,,
2/27/2017,28.33,19.89,12.22,,,,
2/28/2017,31.67,22.78,13.33,,,,
03-01-2017,30,23.78,19.44,,,,
03-02-2017,27.22,21.83,17.22,,,,
03-03-2017,26.67,20.28,13.89,,,,
03-04-2017,26.67,19.33,12.78,,,,
03-05-2017,27.22,20.39,13.33,,,,
03-06-2017,27.78,20.17,12.78,,,,
03-07-2017,28.89,22.44,13.33,,,,
03-08-2017,25.56,22,17.78,,,,
03-09-2017,28.33,19.67,15.56,,,,
03-10-2017,25,18.22,12.78,,,,
03-11-2017,22.78,17.9,12.22,,,,
03-12-2017,22.78,17.39,11.67,,,,
3/13/2017,23.89,16.83,10.56,,,,
3/14/2017,25.56,18.85,10,,,,
3/15/2017,27.78,20.17,12.22,,,,
3/16/2017,30,22.44,14.44,,,,
3/17/2017,27.22,21.83,16.11,,,,
3/18/2017,29.44,14.44,21.83,,,,
3/19/2017,29.44,22.44,16.67,,,,
3/20/2017,29.44,23,16.67,,,,
3/21/2017,33.33,25.89,17.22,,,,
3/22/2017,35,27.28,20,,,,
3/23/2017,37.22,28,19.44,,,,
3/24/2017,34.44,27.67,21.67,,,,
3/25/2017,33.33,26.61,18.89,,,,
3/26/2017,34.44,28,21.11,,,,
3/27/2017,36.67,29.61,23.33,,,,
3/28/2017,37.22,30,23.33,,,,
3/29/2017,36.67,29.67,24.44,,,,
3/30/2017,36.67,29.39,24.44,,,,
3/31/2017,38.33,31.5,24.44,,,,
04-01-2017,38.89,31.17,23.89,,,,
04-02-2017,37.78,28.5,22.78,,,,
04-03-2017,38.89,30.44,22.22,,,,
04-04-2017,35.56,29.28,22.78,,,,
04-05-2017,33.33,27.5,22.22,,,,
04-06-2017,37.78,30.22,23.89,,,,
04-07-2017,33.89,27.11,19.44,,,,
04-08-2017,33.33,25.72,17.22,,,,
04-09-2017,31.67,26.94,20,,,,
04-10-2017,32.78,27.94,21.67,,,,
04-11-2017,36.67,29.33,21.67,,,,
04-12-2017,38.33,29.11,21.11,,,,
4/13/2017,39.44,29.61,20.56,,,,
4/14/2017,40.56,30.56,21.67,,,,
4/15/2017,40,31,#VALUE!,,,,
4/16/2017,39.44,31.17,22.22,,,,
4/17/2017,40.56,32.28,25.56,,,,
4/18/2017,42.22,33.78,25.56,,,,
4/19/2017,42.22,33.61,26.11,,,,
4/20/2017,42.22,34.61,27.22,,,,
4/21/2017,39.44,34.22,29.44,,,,
4/22/2017,38.33,32.22,28.33,,,,
4/23/2017,38.89,32.94,27.22,,,,
4/24/2017,37.78,31.61,26.11,,,,
4/25/2017,37.78,31.17,25,,,,
4/26/2017,37.78,31.06,25.56,,,,
4/27/2017,37.22,31.33,23.33,,,,
4/28/2017,38.33,31.39,24.44,,,,
4/29/2017,37.78,30.28,24.44,,,,
4/30/2017,37.22,31.56,25,,,,
05-01-2017,37.22,30.56,23.33,,,,
05-02-2017,39.44,25.5,-17.78,,,,
05-03-2017,39.44,31.44,25,,,,
05-04-2017,37.78,31.39,25.56,,,,
05-05-2017,40,32,24.44,,,,
05-06-2017,39.44,32.06,25,,,,
05-07-2017,43.33,34.67,25.56,,,,
05-08-2017,42.78,35.89,27.78,,,,
05-09-2017,41.67,34.72,28.33,,,,
05-10-2017,39.44,32.72,28.89,,,,
05-11-2017,40,34.5,27.78,,,,
05-12-2017,41.11,34.83,29.44,,,,
5/13/2017,41.67,34.67,28.33,,,,
5/14/2017,42.78,35.78,29.44,,,,
5/15/2017,43.33,36.06,28.33,,,,
5/16/2017,40.56,35.44,30,,,,
5/17/2017,36.67,32.28,28.89,,,,
5/18/2017,38.33,33.83,27.78,,,,
5/19/2017,35,31.17,28.33,,,,
5/20/2017,37.78,32.94,29.44,,,,
5/21/2017,38.33,29.78,25,,,,
5/22/2017,28.33,26.61,24.44,,,,
5/23/2017,37.78,32.22,23.89,,,,
5/24/2017,40,34.39,27.22,,,,
5/25/2017,41.67,35,29.44,,,,
5/26/2017,43.33,36.39,29.44,,,,
5/27/2017,39.44,34.33,30.56,,,,
5/28/2017,35.56,31.11,25.56,,,,
5/29/2017,33.33,28.33,23.33,,,,
5/30/2017,36.11,31.94,25.56,,,,
5/31/2017,34.44,28.89,26.67,,,,
06-01-2017,36.67,31.72,25.56,,,,
06-02-2017,40,33.83,26.67,,,,
06-03-2017,42.22,36.11,28.89,,,,
06-04-2017,44.44,38.94,32.22,,,,
06-05-2017,43.33,38.39,33.89,,,,
06-06-2017,42.78,36.39,31.11,,,,
06-07-2017,36.67,31.56,28.33,,,,
06-08-2017,32.22,29.89,27.78,,,,
06-09-2017,33.33,30.94,27.22,,,,
06-10-2017,38.33,32.17,26.11,,,,
06-11-2017,37.22,31.56,25.56,,,,
06-12-2017,39.44,33.56,26.11,,,,
6/13/2017,41.67,35.61,28.33,,,,
6/14/2017,41.67,34.11,29.44,,,,
6/15/2017,39.44,34.67,28.89,,,,
6/16/2017,34.44,28.56,22.22,,,,
6/17/2017,31.67,28.83,27.22,,,,
6/18/2017,35.56,31.94,27.22,,,,
6/19/2017,36.67,30.06,24.44,,,,
6/20/2017,32.22,27.72,23.89,,,,
6/21/2017,32.22,27.78,24.44,,,,
6/22/2017,32.78,29.39,25,,,,
6/23/2017,35.56,31.72,27.22,,,,
6/24/2017,37.22,33.39,28.33,,,,
6/25/2017,38.89,34.72,30,,,,
6/26/2017,37.78,34.28,31.11,,,,
6/27/2017,38.33,34.5,31.67,,,,
6/28/2017,31.11,27.72,25.56,,,,
6/29/2017,31.11,28.61,25.56,,,,
6/30/2017,31.11,27.83,26.11,,,,
07-01-2017,34.44,29.39,27.22,,,,
07-02-2017,31.11,28.5,26.67,,,,
07-03-2017,35,31.61,27.22,,,,
07-04-2017,35.56,32.44,28.89,,,,
07-05-2017,35.56,32.5,30,,,,
07-06-2017,35,30.56,27.22,,,,
07-07-2017,34.44,30.5,26.11,,,,
07-08-2017,36.67,26.17,-17.78,,,,
07-09-2017,37.78,34.11,31.11,,,,
07-10-2017,37.22,33.89,30.56,,,,
07-11-2017,35.56,30.33,27.22,,,,
07-12-2017,32.22,29.39,26.67,,,,
7/13/2017,35,31.44,27.22,,,,
7/14/2017,36.67,32.56,28.89,,,,
7/15/2017,35,31.28,29.44,,,,
7/16/2017,36.11,31.89,28.89,,,,
7/17/2017,33.89,29.44,27.22,,,,
7/18/2017,36.11,32.44,28.33,,,,
7/19/2017,37.78,33.22,28.89,,,,
7/20/2017,33.89,29.44,25.56,,,,
7/21/2017,35.56,31.28,28.33,,,,
7/22/2017,34.44,29.89,27.22,,,,
7/23/2017,34.44,29.06,26.67,,,,
7/24/2017,33.33,29.67,26.67,,,,
7/25/2017,32.22,29.11,27.22,,,,
7/26/2017,33.89,31.17,26.67,,,,
7/27/2017,34.44,31.56,28.89,,,,
7/28/2017,35,31.11,28.33,,,,
7/29/2017,34.44,30.72,27.78,,,,
7/30/2017,32.22,30.33,28.33,,,,
7/31/2017,29.44,27.94,27.22,,,,
08-01-2017,29.44,28.06,27.22,,,,
08-02-2017,31.67,29.67,27.78,,,,
08-03-2017,33.33,31.17,27.78,,,,
08-04-2017,34.44,31,27.78,,,,
08-05-2017,34.44,31.11,28.33,,,,
08-06-2017,36.11,32.28,29.44,,,,
08-07-2017,33.33,29.33,27.22,,,,
08-08-2017,35.56,31.56,26.67,,,,
08-09-2017,30,28.89,27.78,,,,
08-10-2017,33.89,31.61,27.78,,,,
08-11-2017,35,31.72,28.89,,,,
08-12-2017,35,31.33,28.33,,,,
8/13/2017,34.44,31.11,27.78,,,,
8/14/2017,35,31.39,27.78,,,,
8/15/2017,36.11,32.39,28.89,,,,
8/16/2017,36.11,32.22,28.33,,,,
8/17/2017,37.22,33.06,29.44,,,,
8/18/2017,36.67,33.11,31.11,,,,
8/19/2017,30,27.94,26.67,,,,
8/20/2017,35.56,31.56,27.22,,,,
8/21/2017,35,31.61,28.33,,,,
8/22/2017,32.78,30.78,28.89,,,,
8/23/2017,33.33,28.39,26.11,,,,
8/24/2017,33.89,31.33,25.56,,,,
8/25/2017,35,29.72,27.22,,,,
8/26/2017,31.67,27.83,25,,,,
8/27/2017,35,30.33,25,,,,
8/28/2017,33.33,29.78,27.22,,,,
8/29/2017,33.89,31.33,27.78,,,,
8/30/2017,37.78,31.17,27.22,,,,
8/31/2017,31.67,27.56,25.56,,,,
09-01-2017,30.56,28.11,26.11,,,,
09-02-2017,30.56,27.78,26.11,,,,
09-03-2017,33.89,29.94,25.56,,,,
09-04-2017,35,30.61,27.22,,,,
09-05-2017,34.44,30.28,26.11,,,,
09-06-2017,35,30.44,26.11,,,,
09-07-2017,32.22,24.44,28.83,,,,
09-08-2017,35,27.22,30.72,,,,
09-09-2017,35,30.39,27.22,,,,
09-10-2017,36.67,24.94,-17.78,,,,
09-11-2017,35.56,30.78,27.22,,,,
09-12-2017,35,30.83,26.67,,,,
9/13/2017,36.11,27.22,31.28,,,,
9/14/2017,34.44,31.06,27.78,,,,
9/15/2017,36.11,31.28,27.22,,,,
9/16/2017,31.11,29.22,27.22,,,,
9/17/2017,34.44,30,27.22,,,,
9/18/2017,35.56,30.17,25.56,,,,
9/19/2017,36.11,30.56,26.11,,,,
9/20/2017,36.67,28.56,25,,,,
9/21/2017,34.44,30.22,25,,,,
9/22/2017,27.22,25.61,24.44,,,,
9/23/2017,26.11,24.78,23.89,,,,
9/24/2017,30.56,26.28,23.33,,,,
9/25/2017,34.44,28.94,24.44,,,,
9/26/2017,34.44,29.22,25,,,,
9/27/2017,35.56,29.11,24.44,,,,
9/28/2017,36.67,30,25,,,,
9/29/2017,35.56,29.5,25,,,,
9/30/2017,35.56,29.39,23.89,,,,
10-01-2017,34.44,26.83,22.22,,,,
10-02-2017,36.11,28.83,22.22,,,,
10-03-2017,35.56,28.28,22.22,,,,
10-04-2017,33.89,27.61,23.33,,,,
10-05-2017,35.56,29.17,23.33,,,,
10-06-2017,35,28.61,22.78,,,,
10-07-2017,34.44,28.11,22.22,,,,
10-08-2017,34.44,27.78,22.78,,,,
10-09-2017,35.56,29.06,23.33,,,,
10-10-2017,34.44,28.94,22.78,,,,
10-11-2017,34.44,28.22,22.78,,,,
10-12-2017,34.44,27.56,22.78,,,,
10/13/2017,34.44,27.17,22.22,,,,
10/14/2017,36.67,27.28,22.22,,,,
10/15/2017,35.56,26.28,20,,,,
10/16/2017,35,26.06,20.56,,,,
10/17/2017,33.89,25.44,19.44,,,,
10/18/2017,34.44,26.83,19.44,,,,
10/19/2017,35.56,26.94,20.56,,,,
10/20/2017,35,26.44,21.11,,,,
10/21/2017,34.44,25.17,19.44,,,,
10/22/2017,35.56,26,18.89,,,,
10/23/2017,35,25.72,19.44,,,,
10/24/2017,32.78,24.39,18.33,,,,
10/25/2017,32.78,23.83,17.78,,,,
10/26/2017,32.78,23.78,17.22,,,,
10/27/2017,32.22,23.83,18.33,,,,
10/28/2017,32.78,23.28,17.78,,,,
10/29/2017,31.67,22.94,17.22,,,,
10/30/2017,30,22.56,17.22,,,,
10/31/2017,30,23.28,17.22,,,,
11-01-2017,31.67,23.5,18.33,,,,
11-02-2017,30,23.22,19.44,,,,
11-03-2017,29.44,22.78,17.78,,,,
11-04-2017,30,22.78,18.33,,,,
11-05-2017,30,22.72,17.22,,,,
11-06-2017,29.44,22.11,17.22,,,,
11-07-2017,30,21.11,16.11,,,,
11-08-2017,27.22,19.67,15,,,,
11-09-2017,30.56,20.06,13.89,,,,
11-10-2017,28.89,19.89,14.44,,,,
11-11-2017,27.78,19.78,13.89,,,,
11-12-2017,27.78,19.11,14.44,,,,
11/13/2017,28.33,19.17,12.78,,,,
11/14/2017,27.78,20.17,15.56,,,,
11/15/2017,27.22,14.22,-17.78,,,,
11/16/2017,22.22,17.44,13.89,,,,
11/17/2017,25.56,19.89,15,,,,
11/18/2017,23.89,15.56,-17.78,,,,
11/19/2017,23.89,18.06,13.33,,,,
11/20/2017,23.33,15.89,10.56,,,,
11/21/2017,23.33,16,11.11,,,,
11/22/2017,25,16.39,11.11,,,,
11/23/2017,25.56,15.89,10,,,,
11/24/2017,26.11,17.06,8.89,,,,
11/25/2017,26.11,16.89,10,,,,
11/26/2017,27.22,16.89,9.44,,,,
11/27/2017,25.56,10,16.28,,,,
11/28/2017,23.89,15.22,9.44,,,,
11/29/2017,27.78,17.22,10,,,,
11/30/2017,26.67,17.44,10.56,,,,
12-01-2017,25,15.83,9.44,,,,
12-02-2017,25,8.89,16.06,,,,
12-03-2017,23.33,9.44,15,,,,
12-04-2017,22.78,16.06,9.44,,,,
12-05-2017,23.33,18.44,13.89,,,,
12-06-2017,23.89,18.06,291.11,,,,
12-07-2017,25,17.44,12.22,,,,
12-08-2017,24.44,16.61,11.67,,,,
12-09-2017,26.67,16,9.44,,,,
12-10-2017,26.11,8.89,15.72,,,,
12-11-2017,23.89,16.83,8.89,,,,
12-12-2017,20.56,17.28,15,,,,
12/13/2017,20.56,15.72,13.33,,,,
12/14/2017,18.33,13.56,9.44,,,,
12/15/2017,19.44,9.5,7.78,,,,
12/16/2017,20.56,13.33,8.89,,,,
12/17/2017,22.78,14.72,8.89,,,,
12/18/2017,24.44,15.89,10.56,,,,
12/19/2017,23.33,15.28,10.56,,,,
12/20/2017,21.11,16.39,11.11,,,,
12/21/2017,25,17.39,13.33,,,,
12/22/2017,29.44,19.39,12.22,,,,
12/23/2017,23.89,16.11,11.67,,,,
12/24/2017,24.44,11.39,11.67,,,,
12/25/2017,22.22,13.5,8.33,,,,
12/26/2017,23.33,14.44,8.33,,,,
12/27/2017,25,15,8.33,,,,
12/28/2017,25,15,8.33,,,,
12/29/2017,25,7.78,15.39,,,,
12/30/2017,22.22,13.94,8.33,,,,
12/31/2017,22.78,13.5,7.22,,,,
01-01-2018,20,12.28,6.67,,,,
01-02-2018,17.78,11.89,8.89,,,,
01-03-2018,18.33,11.33,6.67,,,,
01-04-2018,20,12.17,8.33,,,,
01-05-2018,17.78,7.94,-17.78,,,,
01-06-2018,19.44,11.44,5.56,,,,
01-07-2018,20,13.17,7.22,,,,
01-08-2018,20.56,12,6.11,,,,
01-09-2018,21.67,12.17,5.56,,,,
01-10-2018,22.78,14.67,7.78,,,,
01-11-2018,22.78,14.44,9.44,,,,
01-12-2018,22.22,14.61,9.44,,,,
1/13/2018,22.78,13.56,6.67,,,,
1/14/2018,23.89,14.06,7.22,,,,
1/15/2018,23.33,15.17,7.78,,,,
1/16/2018,24.44,15.94,10,,,,
1/17/2018,22.22,13.61,6.67,,,,
1/18/2018,27.22,16.06,8.33,,,,
1/19/2018,24.44,15.83,9.44,,,,
1/20/2018,22.78,14.17,9.44,,,,
1/21/2018,25,13.89,6.11,,,,
1/22/2018,24.44,15.39,7.22,,,,
1/23/2018,16.11,12.67,10,,,,
1/24/2018,17.78,9.11,-17.78,,,,
1/25/2018,17.78,12.5,9.44,,,,
1/26/2018,18.33,12.17,8.33,,,,
1/27/2018,20,12.94,7.78,,,,
1/28/2018,21.67,13.61,7.78,,,,
1/29/2018,23.33,14.33,7.78,,,,
1/30/2018,26.67,16.89,10,,,,
1/31/2018,24.44,17.72,10,,,,
02-01-2018,27.22,18.67,12.22,,,,
02-02-2018,26.11,17.67,11.67,,,,
02-03-2018,24.44,16.11,10.56,,,,
02-04-2018,23.33,14.39,10,,,,
02-05-2018,21.67,15,7.22,,,,
02-06-2018,22.22,16.06,11.67,,,,
02-07-2018,23.33,14.94,10,,,,
02-08-2018,22.78,13.94,6.67,,,,
02-09-2018,23.89,14.67,7.78,,,,
02-10-2018,23.33,14.22,8.33,,,,
02-11-2018,24.44,17.39,9.44,,,,
02-12-2018,20.56,16.39,13.33,,,,
2/13/2018,23.33,16.33,10,,,,
2/14/2018,22.78,16.44,11.67,,,,
2/15/2018,23.33,17.56,12.78,,,,
2/16/2018,24.44,18.17,12.78,,,,
2/17/2018,25.56,18.5,13.89,,,,
2/18/2018,25,16.89,12.22,,,,
2/19/2018,26.67,18.67,11.11,,,,
2/20/2018,28.33,19.06,11.67,,,,
2/21/2018,31.11,21.44,13.89,,,,
2/22/2018,31.67,21.94,15,,,,
2/23/2018,30,22.78,16.67,,,,
2/24/2018,30.56,23.94,17.78,,,,
2/25/2018,27.78,22.44,18.33,,,,
2/26/2018,27.78,21.11,16.67,,,,
2/27/2018,30,22.39,16.67,,,,
2/28/2018,30,23.5,16.67,,,,
03-01-2018,29.44,21.61,15.56,,,,
03-02-2018,31.11,22.94,16.11,,,,
03-03-2018,32.22,24.11,17.78,,,,
03-04-2018,30.56,22.56,17.78,,,,
03-05-2018,28.89,21.61,15.56,,,,
03-06-2018,28.33,21,15.56,,,,
03-07-2018,29.44,21.72,15.56,,,,
03-08-2018,31.67,23.28,14.44,,,,
03-09-2018,31.67,23.39,15.56,,,,
03-10-2018,32.22,23.94,16.67,,,,
03-11-2018,31.67,23.5,17.22,,,,
03-12-2018,34.44,24.89,17.22,,,,
3/13/2018,35.56,26,18.33,,,,
3/14/2018,33.33,24.72,17.78,,,,
3/15/2018,31.67,25.5,18.33,,,,
3/16/2018,31.11,24.06,17.78,,,,
3/17/2018,30.56,22.5,17.78,,,,
3/18/2018,31.67,24.28,15,,,,
3/19/2018,34.44,24.67,16.11,,,,
3/20/2018,35,26.56,17.78,,,,
3/21/2018,32.78,26.06,22.22,,,,
3/22/2018,30,25.22,19.44,,,,
3/23/2018,30,24.17,18.89,,,,
3/24/2018,31.67,25.44,19.44,,,,
3/25/2018,32.22,25.72,19.44,,,,
3/26/2018,33.33,26.33,21.11,,,,
3/27/2018,36.67,27.11,18.33,,,,
3/28/2018,38.33,28.67,18.33,,,,
3/29/2018,35.56,27.72,20,,,,
3/30/2018,35.56,27.94,21.67,,,,
3/31/2018,33.33,27.22,21.67,,,,
04-01-2018,35,27.78,22.22,,,,
04-02-2018,36.11,27.56,22.22,,,,
04-03-2018,38.33,29.44,21.67,,,,
04-04-2018,38.33,30.28,23.33,,,,
04-05-2018,37.22,30.33,23.89,,,,
04-06-2018,35.56,27.83,21.11,,,,
04-07-2018,33.89,27.83,20,,,,
04-08-2018,35.56,29.44,23.33,,,,
04-09-2018,30.56,25.22,20.56,,,,
04-10-2018,35,28.5,22.22,,,,
04-11-2018,33.33,26.72,23.89,,,,
04-12-2018,32.78,26.83,18.89,,,,
4/13/2018,34.44,25.72,18.89,,,,
4/14/2018,36.11,28.11,18.89,,,,
4/15/2018,37.78,29.94,20.56,,,,
4/16/2018,39.44,30.89,22.78,,,,
4/17/2018,37.78,31.33,23.89,,,,
4/18/2018,37.78,32,24.44,,,,
4/19/2018,38.89,31.06,23.33,,,,
4/20/2018,38.33,32.72,25.56,,,,
4/21/2018,33.89,29.22,24.44,,,,
4/22/2018,34.44,29.61,25,,,,
4/23/2018,35.56,29.33,23.33,,,,
4/24/2018,37.78,29.72,21.11,,,,
4/25/2018,41.67,32.39,21.67,,,,
4/26/2018,40.56,33.28,27.22,,,,
4/27/2018,38.33,32.39,28.33,,,,
4/28/2018,39.44,33.33,28.89,,,,
4/29/2018,37.78,31.33,26.11,,,,
4/30/2018,40,33.5,25.56,,,,
05-01-2018,37.22,31.67,27.22,,,,
05-02-2018,37.78,28.67,20,,,,
05-03-2018,34.44,29.61,25,,,,
05-04-2018,36.67,30.22,22.78,,,,
05-05-2018,38.33,32.22,26.11,,,,
05-06-2018,35.56,31.44,27.22,,,,
05-07-2018,37.78,31.06,24.44,,,,
05-08-2018,34.44,28.33,24.44,,,,
05-09-2018,35,28.28,22.78,,,,
05-10-2018,38.33,30.89,22.22,,,,
05-11-2018,41.11,33.5,24.44,,,,
05-12-2018,41.67,34.78,27.78,,,,
5/13/2018,39.44,29.94,24.44,,,,
5/14/2018,35.56,30.22,23.89,,,,
5/15/2018,37.22,32.22,26.67,,,,
5/16/2018,40,34.11,26.67,,,,
5/17/2018,41.11,34.33,26.67,,,,
5/18/2018,39.44,33.22,27.22,,,,
5/19/2018,41.11,33.06,27.22,,,,
5/20/2018,40,33.11,27.22,,,,
5/21/2018,41.11,34.11,26.11,,,,
5/22/2018,42.78,35,26.67,,,,
5/23/2018,42.78,34.89,27.22,,,,
5/24/2018,41.11,33.11,27.22,,,,
5/25/2018,42.78,34.44,24.44,,,,
5/26/2018,43.89,34.5,25,,,,
5/27/2018,43.89,36.28,27.22,,,,
5/28/2018,42.22,35.56,27.78,,,,
5/29/2018,43.33,35.56,27.78,,,,
5/30/2018,40.56,34.5,30,,,,
5/31/2018,41.67,36.33,30,,,,
06-01-2018,41.11,34.61,28.33,,,,
06-02-2018,37.22,32.39,27.22,,,,
06-03-2018,39.44,34.06,28.33,,,,
06-04-2018,41.11,35.83,31.11,,,,
06-05-2018,40.56,36.28,31.67,,,,
06-06-2018,36.67,32.94,30,,,,
06-07-2018,40.56,35.72,30,,,,
06-08-2018,38.89,35.17,32.22,,,,
06-09-2018,37.22,30.22,25.56,,,,
06-10-2018,38.33,32.94,26.67,,,,
06-11-2018,40.56,35.61,30.56,,,,
06-12-2018,41.11,37,31.67,,,,
6/13/2018,40.56,37.78,34.44,,,,
6/14/2018,40,36.83,34.44,,,,
6/15/2018,40,36.67,34.44,,,,
6/16/2018,39.44,35.22,32.78,,,,
6/17/2018,36.67,32.17,28.89,,,,
6/18/2018,36.67,32.83,28.33,,,,
6/19/2018,39.44,34.17,26.67,,,,
6/20/2018,40,35.22,30.56,,,,
6/21/2018,41.11,36.28,31.67,,,,
6/22/2018,41.67,36.11,30.56,,,,
6/23/2018,42.22,37.06,32.78,,,,
6/24/2018,41.67,36.56,32.78,,,,
6/25/2018,41.67,36.61,33.89,,,,
6/26/2018,33.89,32.39,31.11,,,,
6/27/2018,36.11,30.28,26.11,,,,
6/28/2018,34.44,29.94,25.56,,,,
6/29/2018,34.44,30.78,28.33,,,,
6/30/2018,33.89,31.5,27.78,,,,
07-01-2018,36.11,32.67,30,,,,
07-02-2018,37.22,31.17,24.44,,,,
07-03-2018,35.56,32.22,26.67,,,,
07-04-2018,36.11,31.67,27.22,,,,
07-05-2018,36.67,30.61,26.67,,,,
07-06-2018,36.67,32.94,27.78,,,,
07-07-2018,37.78,33.61,28.33,,,,
07-08-2018,39.44,35,28.89,,,,
07-09-2018,37.22,33.5,31.11,,,,
07-10-2018,38.89,34.06,30,,,,
07-11-2018,35.56,32.28,30,,,,
07-12-2018,36.67,32.44,29.44,,,,
7/13/2018,33.89,23.06,-17.78,,,,
7/14/2018,33.33,30.22,27.22,,,,
7/15/2018,35,32.06,28.33,,,,
7/16/2018,32.22,29.78,28.33,,,,
7/17/2018,35.56,32.5,28.33,,,,
7/18/2018,36.67,32.94,29.44,,,,
7/19/2018,37.22,32.78,29.44,,,,
7/20/2018,31.67,29.11,26.11,,,,
7/21/2018,33.33,29.11,27.22,,,,
7/22/2018,32.22,28.89,26.67,,,,
7/23/2018,34.44,30.78,27.78,,,,
7/24/2018,36.67,32.5,29.44,,,,
7/25/2018,31.11,29.5,28.33,,,,
7/26/2018,27.78,27.06,26.11,,,,
7/27/2018,28.33,26.72,25.56,,,,
7/28/2018,31.67,27.78,26.11,,,,
7/29/2018,34.44,30.44,25.56,,,,
7/30/2018,33.89,30.89,27.78,,,,
7/31/2018,32.78,30.39,27.22,,,,
08-01-2018,35,31.56,27.22,,,,
08-02-2018,35.56,32.11,28.89,,,,
08-03-2018,33.89,31.56,29.44,,,,
08-04-2018,35.56,32.28,28.89,,,,
08-05-2018,32.78,29.78,26.67,,,,
08-06-2018,28.89,28,27.78,,,,
08-07-2018,31.67,28.11,27.22,,,,
08-08-2018,33.33,30.44,27.22,,,,
08-09-2018,35.56,31.94,27.78,,,,
08-10-2018,34.44,30.72,28.89,,,,
08-11-2018,34.44,31.61,28.33,,,,
08-12-2018,32.22,30.44,28.33,,,,
8/13/2018,33.33,30.5,27.78,,,,
8/14/2018,34.44,30.78,27.22,,,,
8/15/2018,35,31.11,28.33,,,,
8/16/2018,35.56,30.5,27.78,,,,
8/17/2018,35.56,31.61,28.33,,,,
8/18/2018,36.11,30.44,27.78,,,,
8/19/2018,31.67,28.5,26.67,,,,
8/20/2018,33.33,30,26.11,,,,
8/21/2018,36.67,31.83,27.22,,,,
8/22/2018,35.56,31.06,28.89,,,,
8/23/2018,31.67,29.67,27.78,,,,
8/24/2018,33.89,30.44,27.78,,,,
8/25/2018,32.78,30,27.78,,,,
8/26/2018,34.44,31.06,27.78,,,,
8/27/2018,32.22,29.61,27.78,,,,
8/28/2018,31.67,28.39,26.67,,,,
8/29/2018,31.67,28.67,26.67,,,,
8/30/2018,34.44,30.83,26.67,,,,
8/31/2018,33.33,31.11,28.89,,,,
09-01-2018,28.89,27.11,24.44,,,,
09-02-2018,27.78,26.67,25,,,,
09-03-2018,28.89,26.67,25.56,,,,
09-04-2018,29.44,27.11,25.56,,,,
09-05-2018,30.56,27.67,24.44,,,,
09-06-2018,35.56,30.17,25,,,,
09-07-2018,32.78,28.22,25.56,,,,
09-08-2018,33.33,28.5,26.11,,,,
09-09-2018,32.22,28.94,25.56,,,,
09-10-2018,31.67,28.67,25.56,,,,
09-11-2018,33.89,30.17,26.67,,,,
09-12-2018,33.33,30.61,27.78,,,,
9/13/2018,33.33,30.22,27.22,,,,
9/14/2018,34.44,23.61,-17.78,,,,
9/15/2018,33.89,29.67,26.67,,,,
9/16/2018,33.89,29.61,26.67,,,,
9/17/2018,33.89,29.89,26.11,,,,
9/18/2018,35,29.67,25,,,,
9/19/2018,33.33,28.67,24.44,,,,
9/20/2018,35.56,30.06,25,,,,
9/21/2018,32.78,28.39,23.89,,,,
9/22/2018,27.22,25.83,23.33,,,,
9/23/2018,30,21.67,-17.78,,,,
9/24/2018,26.67,24.78,22.78,,,,
9/25/2018,26.67,24.17,22.78,,,,
9/26/2018,32.22,27.11,22.78,,,,
9/27/2018,33.33,28,23.33,,,,
9/28/2018,35.56,29.28,23.89,,,,
9/29/2018,35,28.94,23.89,,,,
9/30/2018,33.89,28.72,25,,,,
10-01-2018,35,28.22,22.78,,,,
10-02-2018,35,28.61,23.33,,,,
10-03-2018,35.56,28.83,22.78,,,,
10-04-2018,35,28.56,23.89,,,,
10-05-2018,34.44,27.72,22.78,,,,
10-06-2018,34.44,27.22,21.67,,,,
10-07-2018,33.33,26.39,21.11,,,,
10-08-2018,35,27.5,21.11,,,,
10-09-2018,34.44,27.72,23.33,,,,
10-10-2018,34.44,28.83,24.44,,,,
10-11-2018,30.56,25.28,20,,,,
10-12-2018,32.22,24.94,18.33,,,,
10/13/2018,31.11,23.78,17.78,,,,
10/14/2018,31.67,24.11,17.78,,,,
10/15/2018,32.22,25.72,17.78,,,,
10/16/2018,34.44,26.17,19.44,,,,
10/17/2018,34.44,25.72,19.44,,,,
10/18/2018,33.33,26,19.44,,,,
10/19/2018,33.33,24.94,19.44,,,,
10/20/2018,32.22,23.89,18.33,,,,
10/21/2018,30.56,23.5,18.33,,,,
10/22/2018,31.11,23.11,16.11,,,,
10/23/2018,29.44,22,16.67,,,,
10/24/2018,32.22,23.94,17.22,,,,
10/25/2018,31.67,23,16.11,,,,
10/26/2018,30,22.39,16.67,,,,
10/27/2018,30,22.67,16.67,,,,
10/28/2018,31.67,23.33,17.22,,,,
10/29/2018,30.56,22.72,16.67,,,,
10/30/2018,30,22.83,17.78,,,,
10/31/2018,30.56,23.11,16.67,,,,
11-01-2018,30.56,22.78,17.22,,,,
11-02-2018,31.11,23.22,17.22,,,,
11-03-2018,30,24.5,18.89,,,,
11-04-2018,29.44,23.28,18.89,,,,
11-05-2018,25.56,19.61,15.56,,,,
11-06-2018,27.78,20.56,16.67,,,,
11-07-2018,27.22,19.5,13.33,,,,
11-08-2018,13.33,13.06,12.78,,,,
11-09-2018,28.33,15.17,-17.78,,,,
11-10-2018,28.33,15.06,-17.78,,,,
11-11-2018,30,20.56,12.78,,,,
11-12-2018,29.44,20.89,13.89,,,,
11/13/2018,29.44,21.33,16.11,,,,
11/14/2018,27.78,22,18.89,,,,
11/15/2018,26.67,20.56,83.33,,,,
11/16/2018,25.56,20,15.56,,,,
11/17/2018,26.11,18.61,13.89,,,,
11/18/2018,28.33,19.72,12.22,,,,
11/19/2018,27.22,21.44,17.22,,,,
11/20/2018,28.33,20,70.56,,,,
11/21/2018,27.78,18.89,13.89,,,,
11/22/2018,27.78,19.11,12.78,,,,
11/23/2018,27.78,19.89,12.78,,,,
11/24/2018,26.67,18.78,13.33,,,,
11/25/2018,26.67,18.06,11.67,,,,
11/26/2018,26.67,19,11.67,,,,
11/27/2018,28.33,19.22,12.22,,,,
11/28/2018,27.78,19.67,14.44,,,,
11/29/2018,26.11,18.11,13.33,,,,
11/30/2018,26.11,18.28,11.67,,,,
12-01-2018,25.56,17.94,12.22,,,,
12-02-2018,27.22,17.39,10.56,,,,
12-03-2018,24.44,15,11.11,,,,
12-04-2018,25.56,16.06,10.56,,,,
12-05-2018,21.67,15.17,10,,,,
12-06-2018,24.44,16,10,,,,
12-07-2018,23.89,15.56,10,,,,
12-08-2018,24.44,15.22,9.44,,,,
12-09-2018,24.44,15.5,9.44,,,,
12-10-2018,22.78,15.72,9.44,,,,
12-11-2018,21.67,16.72,13.89,,,,
12-12-2018,21.67,15.22,10,,,,
12/13/2018,20.56,15.22,11.67,,,,
12/14/2018,21.67,14.44,10.56,,,,
12/15/2018,22.22,14.33,9.44,,,,
12/16/2018,22.78,13.94,6.11,,,,
12/17/2018,22.22,13,7.22,,,,
12/18/2018,21.67,18.33,6.67,,,,
12/19/2018,22.22,12.94,6.67,,,,
12/20/2018,22.22,12.17,5.56,,,,
12/21/2018,17.78,11.22,5.56,,,,
12/22/2018,21.67,11.67,5,,,,
12/23/2018,21.11,12.11,5.56,,,,
12/24/2018,21.11,13.22,6.67,,,,
12/25/2018,19.44,8.56,-17.78,,,,
12/26/2018,20.56,11.11,5,,,,
12/27/2018,21.67,11.44,4.44,,,,
12/28/2018,18.33,10.83,5.56,,,,
12/29/2018,19.44,11,4.44,,,,
12/30/2018,22.22,11.94,4.44,,,,
12/31/2018,22.22,12.72,5,,,,
01-01-2019,22.78,12.94,5.56,,,,
01-02-2019,22.78,13.67,7.22,,,,
01-03-2019,20,13.39,7.78,,,,
01-04-2019,18.33,12.17,8.33,,,,
01-05-2019,21.11,13.22,7.22,,,,
01-06-2019,19.44,13.89,10,,,,
01-07-2019,20,13.28,9.44,,,,
01-08-2019,18.89,13.56,8.33,,,,
01-09-2019,20.56,13.5,8.33,,,,
01-10-2019,20.56,12.17,5,,,,
01-11-2019,21.67,12.72,6.11,,,,
01-12-2019,21.67,13.67,8.33,,,,
1/13/2019,22.78,15.78,11.67,,,,
1/14/2019,18.89,13.33,9.44,,,,
1/15/2019,18.33,11.17,6.11,,,,
1/16/2019,19.44,12.17,5.56,,,,
1/17/2019,22.22,12.83,5.56,,,,
1/18/2019,21.67,13,6.67,,,,
1/19/2019,25.56,14.89,7.22,,,,
1/20/2019,28.33,17.56,8.89,,,,
1/21/2019,20.56,16.33,12.78,,,,
1/22/2019,17.78,14.44,11.67,,,,
1/23/2019,18.89,13.78,9.44,,,,
1/24/2019,21.11,14.78,10.56,,,,
1/25/2019,17.78,13.56,9.44,,,,
1/26/2019,18.33,12.17,7.22,,,,
1/27/2019,17.78,11.28,6.67,,,,
1/28/2019,18.89,12.22,7.78,,,,
1/29/2019,19.44,12.39,7.22,,,,
1/30/2019,20.56,13.39,6.67,,,,
1/31/2019,21.11,15.22,9.44,,,,
02-01-2019,20,15.17,11.67,,,,
02-02-2019,17.22,12.5,9.44,,,,
02-03-2019,18.33,13.22,10,,,,
02-04-2019,22.22,14.61,9.44,,,,
02-05-2019,24.44,16.67,10,,,,
02-06-2019,25,19,12.78,,,,
02-07-2019,18.33,15.89,13.33,,,,
02-08-2019,20.56,13.83,8.89,,,,
02-09-2019,20,13.61,8.89,,,,
02-10-2019,19.44,13.78,7.22,,,,
02-11-2019,20,13.67,8.89,,,,
02-12-2019,23.33,16.56,10.56,,,,
2/13/2019,25,18,12.78,,,,
2/14/2019,21.11,16.83,13.89,,,,
2/15/2019,21.67,16.83,13.89,,,,
2/16/2019,19.44,15.5,12.22,,,,
2/17/2019,20.56,15.83,11.67,,,,
2/18/2019,25,18.11,13.33,,,,
2/19/2019,24.44,18.22,13.33,,,,
2/20/2019,20.56,17.94,15,,,,
2/21/2019,27.78,20.78,15,,,,
2/22/2019,22.78,18.39,14.44,,,,
2/23/2019,22.22,16.44,12.78,,,,
2/24/2019,23.33,16.61,11.67,,,,
2/25/2019,23.33,16.11,10.56,,,,
2/26/2019,20,15.28,11.11,,,,
2/27/2019,18.89,14.39,10.56,,,,
2/28/2019,21.11,14.67,8.33,,,,
03-01-2019,23.33,16.28,7.78,,,,
03-02-2019,19.44,15.17,12.78,,,,
03-03-2019,22.22,17.17,12.78,,,,
03-04-2019,23.89,18.5,12.78,,,,
03-05-2019,22.78,17.39,13.33,,,,
03-06-2019,23.89,16.94,12.22,,,,
03-07-2019,26.11,18.33,10.56,,,,
03-08-2019,25.56,19.39,12.78,,,,
03-09-2019,26.11,19.39,13.33,,,,
03-10-2019,25.56,18.89,12.22,,,,
03-11-2019,27.78,21.67,13.89,,,,
03-12-2019,26.67,20.89,15,,,,
3/13/2019,24.44,18.89,13.33,,,,
3/14/2019,23.33,16.67,13.33,,,,
3/15/2019,25,19.06,12.22,,,,
3/16/2019,25.56,18.83,13.89,,,,
3/17/2019,27.78,20.61,15,,,,
3/18/2019,28.33,20.89,13.33,,,,
3/19/2019,30.56,22.39,14.44,,,,
3/20/2019,33.89,25.44,17.22,,,,
3/21/2019,31.67,24.72,18.33,,,,
3/22/2019,30,23.06,17.78,,,,
3/23/2019,30,24.39,18.33,,,,
3/24/2019,31.67,23.94,16.67,,,,
3/25/2019,30,23.22,18.33,,,,
3/26/2019,29.44,23.28,17.78,,,,
3/27/2019,31.67,23.78,16.67,,,,
3/28/2019,34.44,26.33,17.22,,,,
3/29/2019,36.67,27.94,20,,,,
3/30/2019,38.33,29.72,21.67,,,,
3/31/2019,33.89,28.33,23.33,,,,
04-01-2019,32.78,26.56,19.44,,,,
04-02-2019,34.44,25.89,17.78,,,,
04-03-2019,35.56,27.44,19.44,,,,
04-04-2019,37.78,28.39,20,,,,
04-05-2019,38.89,31.17,21.11,,,,
04-06-2019,38.33,30.89,23.33,,,,
04-07-2019,34.44,29.33,22.22,,,,
04-08-2019,35.56,27.83,21.67,,,,
04-09-2019,36.67,28.83,22.22,,,,
04-10-2019,37.78,31.11,22.22,,,,
04-11-2019,38.33,30.89,24.44,,,,
04-12-2019,36.11,29.89,25,,,,
4/13/2019,36.67,31,23.33,,,,
4/14/2019,37.78,31.39,23.33,,,,
4/15/2019,39.44,32.28,26.67,,,,
4/16/2019,30.56,25.56,22.78,,,,
4/17/2019,28.33,22.83,20,,,,
4/18/2019,30.56,24.72,18.33,,,,
4/19/2019,31.67,26.56,20,,,,
4/20/2019,35,27.94,21.11,,,,
4/21/2019,#VALUE!,29.78,21.67,,,,
4/22/2019,37.78,30.72,23.33,,,,
4/23/2019,40,32.56,23.89,,,,
4/24/2019,41.11,33.67,28.33,,,,
4/25/2019,41.67,33.11,26.67,,,,
4/26/2019,40,33.11,25.56,,,,
4/27/2019,40.56,34.17,28.33,,,,
4/28/2019,41.11,33.56,27.22,,,,
4/29/2019,41.67,32.78,25,,,,
4/30/2019,43.33,35.39,23.89,,,,
05-01-2019,40.56,33.06,25.56,,,,
05-02-2019,39.44,32.17,27.22,,,,
05-03-2019,38.89,31.44,25.56,,,,
05-04-2019,38.33,31.61,23.33,,,,
05-05-2019,39.44,31,21.11,,,,
05-06-2019,40.56,31.44,23.89,,,,
05-07-2019,41.11,32.17,22.78,,,,
05-08-2019,41.67,33.78,25,,,,
05-09-2019,41.11,34.67,30.56,,,,
05-10-2019,41.11,34.11,27.22,,,,
05-11-2019,37.78,32.5,25.56,,,,
05-12-2019,38.33,32.39,27.22,,,,
5/13/2019,40,31.61,25.56,,,,
5/14/2019,35,29.78,24.44,,,,
5/15/2019,34.44,28.83,25,,,,
5/16/2019,36.67,29.89,25,,,,
5/17/2019,36.11,27.83,21.67,,,,
5/18/2019,32.78,27.44,21.67,,,,
5/19/2019,37.22,30.56,24.44,,,,
5/20/2019,40,32.78,25.56,,,,
5/21/2019,40.56,33.94,26.67,,,,
5/22/2019,38.89,32.28,27.22,,,,
5/23/2019,40,31.39,25,,,,
5/24/2019,32.78,29.39,25,,,,
5/25/2019,36.67,31.56,26.11,,,,
5/26/2019,39.44,33.22,24.44,,,,
5/27/2019,41.11,32.39,25.56,,,,
5/28/2019,41.67,33.56,23.89,,,,
5/29/2019,42.78,34.72,25.56,,,,
5/30/2019,44.44,35.89,28.33,,,,
5/31/2019,42.78,37.17,31.67,,,,
06-01-2019,42.78,36.67,28.89,,,,
06-02-2019,41.67,36.61,32.22,,,,
06-03-2019,40,34.89,30.56,,,,
06-04-2019,40.56,35.06,30,,,,
06-05-2019,42.22,36.61,31.11,,,,
06-06-2019,42.78,35.56,30,,,,
06-07-2019,39.44,34.06,27.22,,,,
06-08-2019,42.78,35.78,28.89,,,,
06-09-2019,43.33,35.83,28.33,,,,
06-10-2019,45,37.83,28.33,,,,
06-11-2019,44.44,37.94,34.44,,,,
06-12-2019,40,34.17,30,,,,
6/13/2019,40.56,35.61,30,,,,
6/14/2019,42.78,35.56,29.44,,,,
6/15/2019,42.78,36.83,28.89,,,,
6/16/2019,35.56,31.61,28.33,,,,
6/17/2019,32.22,29.22,23.33,,,,
6/18/2019,32.78,28.06,22.22,,,,
6/19/2019,36.11,31.17,26.11,,,,
6/20/2019,38.33,32.72,26.11,,,,
6/21/2019,38.89,34.06,29.44,,,,
6/22/2019,39.44,34.67,27.78,,,,
6/23/2019,40,34.11,28.33,,,,
6/24/2019,34.44,31.33,28.33,,,,
6/25/2019,37.22,33.89,28.89,,,,
6/26/2019,40.56,35.06,30,,,,
6/27/2019,38.89,34.22,29.44,,,,
6/28/2019,41.11,35.28,28.33,,,,
6/29/2019,42.22,37,31.11,,,,
6/30/2019,42.22,37.44,33.33,,,,
07-01-2019,42.22,36.11,31.67,,,,
07-02-2019,39.44,35.22,31.11,,,,
07-03-2019,38.33,34.89,30.56,,,,
07-04-2019,36.67,31,28.33,,,,
07-05-2019,30.56,28.83,27.78,,,,
07-06-2019,36.11,31.94,27.22,,,,
07-07-2019,34.44,31.61,28.33,,,,
07-08-2019,35.56,32.72,29.44,,,,
07-09-2019,33.33,30.83,29.44,,,,
07-10-2019,37.22,33.83,28.89,,,,
07-11-2019,38.33,34.89,31.67,,,,
07-12-2019,37.22,34.06,32.22,,,,
7/13/2019,39.44,34.67,31.11,,,,
7/14/2019,36.67,33.28,28.33,,,,
7/15/2019,33.33,28.33,25.56,,,,
7/16/2019,31.67,28.61,25.56,,,,
7/17/2019,31.67,27.39,25.56,,,,
7/18/2019,30,26.94,24.44,,,,
7/19/2019,35.56,31.83,26.11,,,,
7/20/2019,36.11,30,26.11,,,,
7/21/2019,36.67,29.72,25.56,,,,
7/22/2019,34.44,31.56,27.22,,,,
7/23/2019,36.67,33.5,29.44,,,,
7/24/2019,36.67,31.89,27.22,,,,
7/25/2019,29.44,28.28,27.22,,,,
7/26/2019,30.56,27.83,26.67,,,,
7/27/2019,31.11,28.28,26.67,,,,
7/28/2019,33.89,29.94,27.22,,,,
7/29/2019,35,31.17,28.33,,,,
7/30/2019,34.44,31,28.33,,,,
7/31/2019,33.89,31.5,28.89,,,,
08-01-2019,36.67,32.39,28.89,,,,
08-02-2019,35,30.33,28.89,,,,
08-03-2019,32.78,29.39,28.33,,,,
08-04-2019,35.56,30.44,27.78,,,,
08-05-2019,37.22,31.72,28.33,,,,
08-06-2019,29.44,27.22,25,,,,
08-07-2019,33.89,30.5,26.67,,,,
08-08-2019,37.22,32.83,28.33,,,,
08-09-2019,33.33,30.78,28.33,,,,
08-10-2019,33.33,30.5,28.33,,,,
08-11-2019,35.56,32.22,28.33,,,,
08-12-2019,33.89,30.72,28.33,,,,
8/13/2019,35,29.67,26.67,,,,
8/14/2019,33.89,30,26.67,,,,
8/15/2019,34.44,30.44,25.56,,,,
8/16/2019,31.67,29.5,27.22,,,,
8/17/2019,28.33,26.89,26.11,,,,
8/18/2019,29.44,27.17,25.56,,,,
8/19/2019,33.33,30.06,25.56,,,,
8/20/2019,34.44,30.61,27.78,,,,
8/21/2019,35.56,31.39,27.22,,,,
8/22/2019,34.44,29.89,27.22,,,,
8/23/2019,35.56,31.28,27.22,,,,
8/24/2019,32.78,30.06,27.78,,,,
8/25/2019,33.89,28.61,26.67,,,,
8/26/2019,35,31.5,26.67,,,,
8/27/2019,36.67,32.39,27.78,,,,
8/28/2019,37.78,33.28,28.89,,,,
8/29/2019,37.22,32.5,30,,,,
8/30/2019,35,31.83,28.89,,,,
8/31/2019,36.11,33,30,,,,
09-01-2019,32.78,29.89,27.22,,,,
09-02-2019,36.67,32.28,27.78,,,,
09-03-2019,36.11,32.78,29.44,,,,
09-04-2019,35,31.67,29.44,,,,
09-05-2019,32.78,30.56,28.89,,,,
09-06-2019,37.22,31.72,28.89,,,,
09-07-2019,35,29.94,27.22,,,,
09-08-2019,35.56,31.67,27.22,,,,
09-09-2019,36.11,32.11,29.44,,,,
09-10-2019,36.67,32.44,28.33,,,,
09-11-2019,37.22,33.28,28.89,,,,
09-12-2019,36.67,32.28,29.44,,,,
9/13/2019,35.56,32.28,28.33,,,,
9/14/2019,35,25.33,-17.78,,,,
9/15/2019,33.89,30.33,27.78,,,,
9/16/2019,35.56,31.17,27.78,,,,
9/17/2019,36.67,31.56,28.33,,,,
9/18/2019,35,30.44,27.22,,,,
9/19/2019,31.67,28.5,25.56,,,,
9/20/2019,33.89,30.17,25.56,,,,
9/21/2019,34.44,28.06,24.44,,,,
9/22/2019,28.89,26.56,24.44,,,,
9/23/2019,31.67,28,25,,,,
9/24/2019,33.33,28.78,24.44,,,,
9/25/2019,34.44,28.89,25,,,,
9/26/2019,33.33,29.33,26.67,,,,
9/27/2019,31.11,27.78,25.56,,,,
9/28/2019,30.56,27.22,25,,,,
9/29/2019,30.56,27.28,25,,,,
9/30/2019,31.11,27.72,24.44,,,,
10-01-2019,32.22,27.83,25,,,,
10-02-2019,32.78,27.94,24.44,,,,
10-03-2019,34.44,27.39,21.67,,,,
10-04-2019,31.11,26.39,22.78,,,,
10-05-2019,31.11,26.06,22.22,,,,
10-06-2019,32.22,26.67,22.22,,,,
10-07-2019,30.56,26.72,23.33,,,,
10-08-2019,31.67,26,21.67,,,,
10-09-2019,33.33,26.72,21.11,,,,
10-10-2019,33.89,26.33,21.11,,,,
10-11-2019,32.78,26.72,31.67,,,,
10-12-2019,32.78,26.67,21.67,,,,
10/13/2019,32.78,26.17,21.67,,,,
10/14/2019,33.33,26.33,21.11,,,,
10/15/2019,33.89,27.22,21.67,,,,
10/16/2019,33.33,27.22,22.22,,,,
10/17/2019,33.33,27,22.22,,,,
10/18/2019,34.44,27.39,22.22,,,,
10/19/2019,32.22,26.33,21.67,,,,
10/20/2019,31.67,24.39,19.44,,,,
10/21/2019,29.44,22.72,29.44,,,,
10/22/2019,30.56,23.67,29.44,,,,
10/23/2019,32.22,23.56,17.22,,,,
10/24/2019,31.67,24.06,29.44,,,,
10/25/2019,30.56,23.78,18.89,,,,
10/26/2019,30,23.61,18.33,,,,
10/27/2019,31.67,23.83,29.44,,,,
10/28/2019,31.11,23.89,18.89,,,,
10/29/2019,28.33,23.28,19.44,,,,
10/30/2019,30.56,23.78,29.44,,,,
10/31/2019,31.11,23.56,17.78,,,,
11-01-2019,31.67,24.5,17.78,,,,
11-02-2019,29.44,23.61,20,,,,
11-03-2019,26.67,22.67,19.44,,,,
11-04-2019,29.44,23.06,19.44,,,,
11-05-2019,30,22.67,17.78,,,,
11-06-2019,32.22,23.33,16.11,,,,
11-07-2019,22.78,20.22,17.22,,,,
11-08-2019,30,22,17.22,,,,
11-09-2019,29.44,21.61,17.22,,,,
11-10-2019,28.33,20.5,15.56,,,,
11-11-2019,28.33,19,14.44,,,,
11-12-2019,25,17.94,13.33,,,,
11/13/2019,28.33,20.33,14.44,,,,
11/14/2019,25.56,20.22,16.67,,,,
11/15/2019,27.78,21.17,16.67,,,,
11/16/2019,29.44,22.28,17.78,,,,
11/17/2019,28.89,22.22,16.67,,,,
11/18/2019,23.33,21,15.56,,,,
11/19/2019,26.67,20.06,13.33,,,,
11/20/2019,28.33,19.17,13.89,,,,
11/21/2019,28.33,20.44,13.33,,,,
11/22/2019,27.22,20,13.33,,,,
11/23/2019,26.67,20.78,15.56,,,,
11/24/2019,26.67,20.72,16.67,,,,
11/25/2019,26.67,20.06,15,,,,
11/26/2019,27.78,21.56,16.67,,,,
11/27/2019,26.67,20.33,15.56,,,,
11/28/2019,21.11,19,16.11,,,,
11/29/2019,24.44,18.06,14.44,,,,
11/30/2019,22.78,11.61,-17.78,,,,
12-01-2019,23.33,15.61,10.56,,,,
12-02-2019,22.78,14.94,9.44,,,,
12-03-2019,24.44,15.5,10,,,,
12-04-2019,23.33,14.5,8.33,,,,
12-05-2019,22.78,14.44,8.33,,,,
12-06-2019,23.89,15.89,10,,,,
12-07-2019,24.44,11.06,-17.78,,,,
12-08-2019,23.33,15.33,10,,,,
12-09-2019,23.33,14.78,8.89,,,,
12-10-2019,20.56,13.56,10,,,,
12-11-2019,22.78,15.89,8.89,,,,
12-12-2019,20.56,16.39,12.78,,,,
12/13/2019,18.33,15.22,12.22,,,,
12/14/2019,18.33,14.72,12.22,,,,
12/15/2019,19.44,14.17,11.11,,,,
12/16/2019,12.78,11.39,10.56,,,,
12/17/2019,12.22,10.61,8.33,,,,
12/18/2019,17.22,11.56,7.78,,,,
12/19/2019,14.44,10.22,6.67,,,,
12/20/2019,17.22,11.94,9.44,,,,
12/21/2019,17.22,12.5,8.89,,,,
12/22/2019,14.44,11.17,9.44,,,,
12/23/2019,12.22,5.56,-17.78,,,,
12/24/2019,15.56,11.5,7.78,,,,
12/25/2019,10.56,8.5,7.22,,,,
12/26/2019,12.78,8.5,5.56,,,,
12/27/2019,13.33,8.56,4.44,,,,
12/28/2019,12.78,7,3.33,,,,
12/29/2019,15.56,8.83,5,,,,
12/30/2019,9.44,6.89,4.44,,,,
12/31/2019,14.44,8.89,5.56,,,,
01-01-2020,20,10.78,3.33,,,,
01-02-2020,22.22,13.83,5.56,,,,
01-03-2020,22.22,14.44,8.89,,,,
04-01-2020,21.67,13.61,8.89,,,,
05-01-2020,15.56,14.17,8.33,,,,
06-01-2020,18.89,14.72,11.67,,,,
07-01-2020,17.78,14.72,12.22,,,,
08-01-2020,14.44,13.11,11.11,,,,
09-01-2020,14.44,10.44,7.78,,,,
10-01-2020,17.22,10.72,6.67,,,,
11-01-2020,19.44,11.94,7.22,,,,
12-01-2020,22.22,13.56,7.78,,,,
13-01-2020,18.89,14.83,8.89,,,,
14-01-2020,16.67,12.72,8.33,,,,
15-01-2020,20,13.72,7.78,,,,
16-01-2020,15.56,13.22,11.11,,,,
17-01-2020,17.22,13.11,10.56,,,,
18-01-2020,17.22,12.22,7.22,,,,
19-01-2020,16.11,11,#VALUE!,,,,
20-01-2020,15.56,11.94,10,,,,
21-01-2020,20,13.67,9.44,,,,
22-01-2020,17.22,12.56,7.78,,,,
23-01-2020,20,14.11,-17.22,,,,
24-01-2020,20.56,13.22,7.22,,,,
25-01-2020,20,11.67,6.67,,,,
26-01-2020,22.78,14.44,7.22,,,,
27-01-2020,21.67,15.61,-17.78,,,,
28-01-2020,21.67,16,12.78,,,,
29-01-2020,20.56,14.5,10.56,,,,
30-01-2020,19.44,13.56,8.89,,,,
31-01-2020,19.44,13,8.89,,,,
01-02-2020,19.44,12.39,7.22,,,,
02-02-2020,18.89,12,7.22,,,,
03-02-2020,21.11,13,6.67,,,,
04-02-2020,21.67,13.61,6.67,,,,
05-02-2020,21.11,13.5,7.78,,,,
06-02-2020,19.44,12.61,7.22,,,,
07-02-2020,19.44,12.67,6.67,,,,
08-02-2020,20.56,13.67,9.44,,,,
09-02-2020,22.22,13.89,7.22,,,,
10-02-2020,21.67,13.33,7.22,,,,
11-02-2020,22.78,14.22,7.22,,,,
12-02-2020,24.44,17.39,10.56,,,,
13-02-2020,27.22,20,13.89,,,,
14-02-2020,24.44,18.83,15,,,,
15-02-2020,25,18.22,12.78,,,,
16-02-2020,26.67,17.28,10.56,,,,
17-02-2020,26.11,17.72,10.56,,,,
18-02-2020,25,17.28,11.67,,,,
19-02-2020,26.11,18.94,4.44,,,,
20-02-2020,27.22,20.78,4.44,,,,
21-02-2020,25.56,16.83,6.11,,,,
22-02-2020,24.44,15.83,7.78,,,,
23-02-2020,26.67,19.78,13.89,,,,
24-02-2020,26.11,19.39,-17.78,,,,
25-02-2020,25.56,19.33,13.89,,,,
26-02-2020,27.22,20.28,13.89,,,,
27-02-2020,26.67,20.72,13.33,,,,
28-02-2020,21.11,21.17,17.78,,,,
29-02-2020,27.22,19.94,16.11,,,,
01-03-2020,27.78,21.94,15.56,,,,
02-03-2020,27.78,21.17,16.11,,,,
03-03-2020,28.33,21.11,15.56,,,,
04-03-2020,28.89,20.78,15.56,,,,
05-03-2020,26.67,19.94,14.44,,,,
06-03-2020,21.67,16.33,14.44,,,,
07-03-2020,21.11,17.39,14.44,,,,
08-03-2020,24.44,18,12.78,,,,
09-03-2020,25,18.5,13.89,,,,
10-03-2020,25.56,19.61,12.22,,,,
11-03-2020,#VALUE!,21.67,11.11,,,,
12-03-2020,#VALUE!,21.83,10.56,,,,
13-03-2020,27.78,21.33,15,,,,
14-03-2020,23.33,18.39,15.56,,,,
15-03-2020,25,19.39,13.33,,,,
16-03-2020,26.11,19.89,13.89,,,,
17-03-2020,27.22,20.44,#VALUE!,,,,
18-03-2020,29.44,22.28,-12.78,,,,
19-03-2020,30,23.11,17.22,,,,
20-03-2020,31.11,24.78,18.33,,,,
21-03-2020,30,23.67,#VALUE!,,,,
22-03-2020,30.56,24.06,17.22,,,,
23-03-2020,32.22,24.61,18.33,,,,
24-03-2020,32.78,23.5,18.33,,,,
25-03-2020,32.78,25.56,18.33,,,,
26-03-2020,27.78,24.11,21.11,,,,
27-03-2020,21.11,21.83,17.78,,,,
28-03-2020,27.78,21.83,16.67,,,,
29-03-2020,30,23.94,18.33,,,,
30-03-2020,29.44,23,17.22,,,,
31-03-2020,32.22,25.22,17.78,,,,
01-04-2020,32.78,25.61,18.89,,,,
02-04-2020,30.56,24.78,20,,,,
03-04-2020,29.44,23.11,16.67,,,,
04-04-2020,32.22,24.06,16.11,,,,
05-04-2020,32.78,25.61,-15.56,,,,
06-04-2020,35.56,28.11,19.44,,,,
07-04-2020,33.33,26.67,19.44,,,,
08-04-2020,32.22,25.78,21.11,,,,
09-04-2020,32.78,24.61,13.33,,,,
10-04-2020,32.22,27,18.33,,,,
11-04-2020,36.67,29.39,21.11,,,,
12-04-2020,36.11,28.67,21.11,,,,
13-04-2020,37.78,30.83,22.22,,,,
14-04-2020,39.44,31.11,25,,,,
15-04-2020,39.44,31.11,25,,,,
16-04-2020,38.89,30.22,23.33,,,,
17-04-2020,38.33,31.33,28.33,,,,
18-04-2020,41.67,28.22,21.11,,,,
19-04-2020,34.44,27.39,18.33,,,,
20-04-2020,32.22,26.39,21.67,,,,
21-04-2020,34.44,26.94,17.22,,,,
22-04-2020,33.89,28.06,20,,,,
23-04-2020,34.44,28.28,23.33,,,,
24-04-2020,36.67,29.67,21.67,,,,
25-04-2020,37.22,30.28,25,,,,
26-04-2020,30,24.5,20.56,,,,
27-04-2020,33.33,27,19.44,,,,
28-04-2020,33.33,28.83,23.33,,,,
29-04-2020,35.56,30.17,23.89,,,,
30-04-2020,37.78,31.67,26.67,,,,
01-05-2020,38.33,31.72,25.56,,,,
02-05-2020,37.22,31.17,25.56,,,,
03-05-2020,34.44,27.11,22.78,,,,
04-05-2020,35,28.5,21.11,,,,
05-05-2020,33.89,30.78,23.89,,,,38.94
06-05-2020,33.89,29.22,25,,,,
07-05-2020,42.22,29.44,22.78,,,,
08-05-2020,39.44,31.25,23.89,,,,
09-05-2020,37.78,33.61,27.78,,,,
10-05-2020,35,27.72,22.78,,,,
11-05-2020,34.44,29.22,22.22,,,,
12-05-2020,13.33,31.17,25.56,,,,
13-05-2020,34.44,30.17,21.11,,,,
14-05-2020,39.44,30.78,24.44,,,,
15-05-2020,37.78,31.72,25,,,,
16-05-2020,39.44,31.83,24.44,,,,
17-05-2020,40.56,32.11,24.44,,,,
18-05-2020,40.56,32.17,24.44,,,,
19-05-2020,40,32.17,23.33,,,,
20-05-2020,39.44,32.72,23.33,,,,
21-05-2020,41.67,33.11,25.56,,,,
22-05-2020,43.33,34.5,23.89,,,,
23-05-2020,44.44,36.83,#VALUE!,,,,
24-05-2020,43.89,36.44,29.44,,,,
25-05-2020,43.89,36.11,28.89,,,,
26-05-2020,45.56,37.5,29.44,,,,
27-05-2020,45,37.56,30.56,,,,
28-05-2020,39.44,32.78,23.89,,,,
29-05-2020,41.11,29.11,24.44,,,,
30-05-2020,34.44,29.33,25,,,,
31-05-2020,33.33,26.28,21.67,,,,
01-06-2020,32.22,29.5,22.22,,,,
02-06-2020,36.67,31.06,26.67,,,,
03-06-2020,36.11,30.33,25.56,,,,
04-06-2020,34.44,29.67,26.11,,,,
05-06-2020,90.56,29.39,26.11,,,,
06-06-2020,36.67,33.33,29.44,,,,
07-06-2020,27.22,26.67,26.11,,,,
08-06-2020,37.22,31.83,25.56,,,,
09-06-2020,39.44,34.22,27.78,,,,
10-06-2020,40,33.94,29.44,,,,
11-06-2020,40,34.78,28.89,,,,
12-06-2020,40,35.5,31.11,,,,
13-06-2020,38.33,32.5,28.89,,,,
14-06-2020,40,35.06,30,,,,
15-06-2020,41.11,35.72,26.67,,,,
16-06-2020,41.67,35.78,31.11,,,,
17-06-2020,40.56,35.44,30.56,,,,
18-06-2020,42.22,36.33,29.44,,,,
19-06-2020,40.56,35.83,31.11,,,,
20-06-2020,36.11,30.89,23.89,,,,
21-06-2020,36.11,32,27.22,,,,
22-06-2020,35.56,31.67,25.56,,,,
23-06-2020,35.56,32.78,28.33,,,,
24-06-2020,33.89,30.61,28.33,,,,
25-06-2020,36.67,31.72,27.78,,,,
26-06-2020,36.67,32,28.33,,,,
27-06-2020,39.44,33.89,29.44,,,,
28-06-2020,40,36,30.56,,,,
29-06-2020,40,33.67,27.22,,,,
30-06-2020,92.22,33,-6.11,,,,
01-07-2020,37.78,33.89,30,,,,
02-07-2020,39.44,35.61,31.67,,,,
03-07-2020,40.56,35.06,#VALUE!,,,,
04-07-2020,39.44,33.83,30,,,,
05-07-2020,33.89,28.56,23.33,,,,
06-07-2020,34.44,30.61,26.67,,,,
07-07-2020,34.44,30,27.78,,,,
08-07-2020,35,30.78,28.33,,,,
09-07-2020,36.67,32.56,28.33,,,,
10-07-2020,38.33,32.83,26.67,,,,
11-07-2020,3.33,31.56,25,,,,
12-07-2020,34.44,30,27.22,,,,
13-07-2020,36.67,32.44,27.22,,,,
14-07-2020,37.78,33.94,28.89,,,,
15-07-2020,36.67,32.67,30,,,,
16-07-2020,37.22,31.11,-17.78,,,,
17-07-2020,35.56,32,30,,,,
18-07-2020,35,30.87,30.56,,,,
19-07-2020,33.89,29.5,26.11,,,,
20-07-2020,32.22,28.78,25,,,,
21-07-2020,31.67,26.28,23.89,,,,
22-07-2020,27.22,26.17,24.44,,,,
23-07-2020,1.11,30.06,25,,,,
24-07-2020,34.44,29.78,25.56,,,,
25-07-2020,35.56,30.78,26.67,,,,
26-07-2020,36.11,27.11,28.33,,,,
27-07-2020,37.22,33.28,29.44,,,,
28-07-2020,36.67,33.94,30,,,,
29-07-2020,36.67,31.58,27.22,,,,
30-07-2020,31.67,29.39,27.22,,,,
31-07-2020,33.89,31.06,28.33,,,,
01-08-2020,36.11,29.67,27.78,,,,
02-08-2020,36.67,32.11,27.22,,,,
03-08-2020,36.67,32.83,29.44,,,,
04-08-2020,36.11,33,30.56,,,,
05-08-2020,32.78,31.06,30.56,,,,
06-08-2020,37.22,32.67,28.89,,,,
07-08-2020,35.56,31.83,28.33,,,,
08-08-2020,37.22,33.22,29.44,,,,
09-08-2020,33.33,30.61,27.78,,,,
10-08-2020,33.89,31.33,28.33,,,,
11-08-2020,36.67,31.28,29.44,,,,
12-08-2020,35.56,31.06,26.67,,,,
13-08-2020,28.89,27.17,25.56,,,,
14-08-2020,31.67,29.44,26.67,,,,
15-08-2020,34.44,31.17,27.78,,,,
16-08-2020,-7.78,31.39,28.89,,,,
17-08-2020,32,30.33,28.33,,,,
18-08-2020,33.89,30.17,28.33,,,,
19-08-2020,27.78,26.67,25,,,,
20-08-2020,28.89,26,25,,,,
21-08-2020,34.44,29.89,25,,,,
22-08-2020,35.56,30.5,26.67,,,,
23-08-2020,33.33,29.89,27.78,,,,
24-08-2020,32.78,29.44,27.78,,,,
25-08-2020,32.22,29.5,27.22,,,,
26-08-2020,33.33,29.72,27.78,,,,
27-08-2020,34.44,31.06,27.78,,,,
28-08-2020,32.22,28,26.11,,,,
29-08-2020,34.44,30.33,26.11,,,,
30-08-2020,30,28.39,26.67,,,,
31-08-2020,32.78,29.39,26.67,,,,
01-09-2020,33.33,30.22,26.11,,,,
02-09-2020,34.44,30.78,26.67,,,,
03-09-2020,34.44,31.11,28.89,,,,
04-09-2020,33.89,30.89,28.33,,,,
05-09-2020,36.11,28.5,23.89,,,,
06-09-2020,34.44,29.89,25.56,,,,
07-09-2020,33.33,29.06,27.22,,,,
08-09-2020,35.56,30.56,26.67,,,,
09-09-2020,35.56,31.5,27.22,,,,
10-09-2020,36.67,31.11,27.22,,,,
11-09-2020,37.22,31.44,27.22,,,,
12-09-2020,32.22,31.83,26.67,,,,
13-09-2020,36.11,32.39,28.33,,,,
14-09-2020,36.67,31.94,28.89,,,,
15-09-2020,37.22,31.89,27.22,,,,
16-09-2020,37.78,32.28,28.33,,,,
17-09-2020,36.67,32.5,27.78,,,,
18-09-2020,37.78,33.22,29.44,,,,
19-09-2020,37.22,32.22,28.33,,,,
20-09-2020,36.67,31.94,27.78,,,,
21-09-2020,36.67,32.22,28.33,,,,
22-09-2020,37.22,32.28,28.89,,,,
23-09-2020,36.11,26.67,28.33,,,,
24-09-2020,35.56,30.83,27.22,,,,
25-09-2020,37.22,30.89,26.67,,,,
26-09-2020,33.89,29.44,25.56,,,,
27-09-2020,35.56,30,25,,,,
28-09-2020,35.56,29.67,24.44,,,,
29-09-2020,36.11,29.33,23.89,,,,
30-09-2020,35.56,29.39,24.44,,,,
01-10-2020,36.67,29.11,23.33,,,,
02-10-2020,36.11,28.61,23.33,,,,
03-10-2020,36.11,27.39,15.56,,,,
04-10-2020,35,27.25,20.56,,,,
05-10-2020,35,27.11,15.56,,,,
06-10-2020,36.11,27,20,,,,
07-10-2020,-14.44,27.28,20,,,,
08-10-2020,#VALUE!,27.17,20.56,,,,
09-10-2020,35,27.39,15.56,,,,
10-10-2020,34.44,27.28,20.56,,,,
11-10-2020,35.56,27.28,21.67,,,,
12-10-2020,35,26.72,21.11,,,,
13-10-2020,35,28.06,21.67,,,,
14-10-2020,34.44,29.06,24.44,,,,
15-10-2020,34.44,26.22,14.44,,,,
16-10-2020,33.89,25.28,18.33,,,,
17-10-2020,33.89,25.17,18.33,,,,
18-10-2020,34.44,21.11,18.33,,,,
19-10-2020,33.33,24.11,16.67,,,,
20-10-2020,33.33,24.43,15.56,,,,
21-10-2020,34.44,24.72,16.67,,,,
22-10-2020,32.78,23.78,17.22,,,,
23-10-2020,33.33,23.22,16.11,,,,
24-10-2020,33.33,23.06,16.11,,,,
25-10-2020,33.33,23,15.56,,,,
26-10-2020,32.22,23.06,11.11,,,,
27-10-2020,31.67,22.28,16.11,,,,
28-10-2020,30.56,21.39,3.33,,,,
29-10-2020,31.11,21.33,14.44,,,,
30-10-2020,29.44,22.21,15,,,,
31-10-2020,30.56,22.28,15,,,,
01-11-2020,30,20.44,13.33,,,,
02-11-2020,30,19.61,13.33,,,,
03-11-2020,30,18.67,12.22,,,,
04-11-2020,27.78,18.83,12.22,,,,
05-11-2020,30.56,20.44,13.33,,,,
06-11-2020,30.56,19.89,13.33,,,,
07-11-2020,28.33,13.83,12.78,,,,
08-11-2020,13.33,13.06,13.33,,,,
09-11-2020,28.33,18.67,12.22,,,,
10-11-2020,30,19.44,13.33,,,,
11-11-2020,29.44,19.61,13.33,,,,
12-11-2020,28.33,19.94,13.33,,,,
13-11-2020,29.44,20.06,13.89,,,,
14-11-2020,27.78,17.72,12.33,,,,
15-11-2020,28.89,20.56,13.33,,,,
16-11-2020,25,20.5,16.67,,,,
17-11-2020,25.56,19.11,20.56,,,,
18-11-2020,25,17.11,12.22,,,,
19-11-2020,25.56,16.94,11.67,,,,
20-11-2020,25,16.44,10,,,,
21-11-2020,24.44,15.56,9.44,,,,
22-11-2020,23.89,14.94,9.44,,,,
23-11-2020,25.56,15.61,8.33,,,,
24-11-2020,24.44,15.56,8.89,,,,
25-11-2020,22.22,17.5,13.33,,,,
26-11-2020,25,18.39,14.44,,,,
27-11-2020,26.67,17.56,12.22,,,,
28-11-2020,26.11,16.56,10,,,,
29-11-2020,25.56,16.11,9.44,,,,
30-11-2020,25.56,16.33,9.44,,,,
